{
  "project_info": {
    "project_number": "710312889507",
    "project_id": "viewfinder-5064a",
    "storage_bucket": "viewfinder-5064a.appspot.com"
  },
  "client": [
    {
      "client_info": {
        "mobilesdk_app_id": "1:710312889507:android:605c25b2d61bdb300a8316",
        "android_client_info": {
          "package_name": "com.example.two"
        }
      },
      "oauth_client": [],
      "api_key": [
        {
          "current_key": "AIzaSyAprbR_YOTgxoGK4Kj58SLhMy79iKbbU5o"
        }
      ],
      "services": {
        "appinvite_service": {
          "other_platform_oauth_client": []
        }
      }
    }
  ],
  "configuration_version": "1"
}